"Title","Field1_Link","Year","Duration","Genre","Rating","Description","Director","Field5_Link","Field5"
"The Mountain II","https://www.imdb.com/title/tt5813916/?ref_=adv_li_tt","(2016)","135 min","Action, Drama, War","8.8","In a desolate war zone where screams of the innocent echo, seven Maroon Berets will dance with death on the very line between disaster and valor.","Alper Caglar","https://www.imdb.com/name/nm3809021/?ref_=adv_li_dr_0","Director:Alper Caglar                 |     Stars:Caglar Ertugrul, Ufuk Bayraktar, Ahu Türkpençe, Murat Serezli"
"Saving Private Ryan","https://www.imdb.com/title/tt0120815/?ref_=adv_li_tt","(1998)","169 min","Drama, War","8.6","Following the Normandy Landings, a group of U.S. soldiers go behind enemy lines to retrieve a paratrooper whose brothers have been killed in action.","Steven Spielberg","https://www.imdb.com/name/nm0000229/?ref_=adv_li_dr_0","Director:Steven Spielberg                 |     Stars:Tom Hanks, Matt Damon, Tom Sizemore, Edward Burns"
"Life Is Beautiful","https://www.imdb.com/title/tt0118799/?ref_=adv_li_tt","(1997)","116 min","Comedy, Drama, Romance","8.6","When an open-minded Jewish librarian and his son become victims of the Holocaust, he uses a perfect mixture of will, humor, and imagination to protect his son from the dangers around their camp.","Roberto Benigni","https://www.imdb.com/name/nm0000905/?ref_=adv_li_dr_0","Director:Roberto Benigni                 |     Stars:Roberto Benigni, Nicoletta Braschi, Giorgio Cantarini, Giustino Durano"
"The Pianist","https://www.imdb.com/title/tt0253474/?ref_=adv_li_tt","(2002)","150 min","Biography, Drama, Music","8.5","A Polish Jewish musician struggles to survive the destruction of the Warsaw ghetto of World War II.","Roman Polanski","https://www.imdb.com/name/nm0000591/?ref_=adv_li_dr_0","Director:Roman Polanski                 |     Stars:Adrien Brody, Thomas Kretschmann, Frank Finlay, Emilia Fox"
"Grave of the Fireflies","https://www.imdb.com/title/tt0095327/?ref_=adv_li_tt","(1988)","89 min","Animation, Drama, War","8.5","A young boy and his little sister struggle to survive in Japan during World War II.","Isao Takahata","https://www.imdb.com/name/nm0847223/?ref_=adv_li_dr_0","Director:Isao Takahata                 |     Stars:Tsutomu Tatsumi, Ayano Shiraishi, Akemi Yamaguchi, Yoshiko Shinohara"
"Casablanca","https://www.imdb.com/title/tt0034583/?ref_=adv_li_tt","(1942)","102 min","Drama, Romance, War","8.5","A cynical expatriate American cafe owner struggles to decide whether or not to help his former lover and her fugitive husband escape the Nazis in French Morocco.","Michael Curtiz","https://www.imdb.com/name/nm0002031/?ref_=adv_li_dr_0","Director:Michael Curtiz                 |     Stars:Humphrey Bogart, Ingrid Bergman, Paul Henreid, Claude Rains"
"Ayla: The Daughter of War","https://www.imdb.com/title/tt6316138/?ref_=adv_li_tt","(2017)","125 min","Biography, Drama, History","8.4","In 1950, amid-st the ravages of the Korean War, Sergeant Süleyman stumbles upon a half-frozen little girl, with no parents and no help in sight. Frantic, scared and on the verge of death, ...                See full summary »","Can Ulkay","https://www.imdb.com/name/nm8631915/?ref_=adv_li_dr_0","Director:Can Ulkay                 |     Stars:Çetin Tekindor, Ismail Hacioglu, Kyung-jin Lee, Kim Seol"
"Apocalypse Now","https://www.imdb.com/title/tt0078788/?ref_=adv_li_tt","(1979)","147 min","Drama, Mystery, War","8.4","A U.S. Army officer serving in Vietnam is tasked with assassinating a renegade Special Forces Colonel who sees himself as a god.","Francis Ford Coppola","https://www.imdb.com/name/nm0000338/?ref_=adv_li_dr_0","Director:Francis Ford Coppola                 |     Stars:Martin Sheen, Marlon Brando, Robert Duvall, Frederic Forrest"
"Paths of Glory","https://www.imdb.com/title/tt0050825/?ref_=adv_li_tt","(1957)","88 min","Drama, War","8.4","After refusing to attack an enemy position, a general accuses the soldiers of cowardice and their commanding officer must defend them.","Stanley Kubrick","https://www.imdb.com/name/nm0000040/?ref_=adv_li_dr_0","Director:Stanley Kubrick                 |     Stars:Kirk Douglas, Ralph Meeker, Adolphe Menjou, George Macready"
"The Great Dictator","https://www.imdb.com/title/tt0032553/?ref_=adv_li_tt","(1940)","125 min","Comedy, Drama, War","8.4","Dictator Adenoid Hynkel tries to expand his empire while a poor Jewish barber tries to avoid persecution from Hynkel's regime.","Charles Chaplin","https://www.imdb.com/name/nm0000122/?ref_=adv_li_dr_0","Director:Charles Chaplin                 |     Stars:Charles Chaplin, Paulette Goddard, Jack Oakie, Reginald Gardiner"
"1917","https://www.imdb.com/title/tt8579674/?ref_=adv_li_tt","(2019)","119 min","Drama, Thriller, War","8.3","April 6th, 1917. As a regiment assembles to wage war deep in enemy territory, two soldiers are assigned to race against time and deliver a message that will stop 1,600 men from walking straight into a deadly trap.","Sam Mendes","https://www.imdb.com/name/nm0005222/?ref_=adv_li_dr_0","Director:Sam Mendes                 |     Stars:Dean-Charles Chapman, George MacKay, Daniel Mays, Colin Firth"
"Incendies","https://www.imdb.com/title/tt1255953/?ref_=adv_li_tt","(2010)","131 min","Drama, Mystery, War","8.3","Twins journey to the Middle East to discover their family history and fulfill their mother's last wishes.","Denis Villeneuve","https://www.imdb.com/name/nm0898288/?ref_=adv_li_dr_0","Director:Denis Villeneuve                 |     Stars:Lubna Azabal, Mélissa Désormeaux-Poulin, Maxim Gaudette, Mustafa Kamel"
"Dara of Jasenovac","https://www.imdb.com/title/tt10554232/?ref_=adv_li_tt","(2020)","130 min","Drama, War","8.3","Follows the story of a young girl named Dara who is sent to a concentration camp in Croatia during World War 2.","Predrag Antonijevic","https://www.imdb.com/name/nm0031342/?ref_=adv_li_dr_0","Director:Predrag Antonijevic                 |     Stars:Biljana Cekic, Zlatan Vidovic, Anja Stanic, Luka Saranovic"
"Inglourious Basterds","https://www.imdb.com/title/tt0361748/?ref_=adv_li_tt","(2009)","153 min","Adventure, Drama, War","8.3","In Nazi-occupied France during World War II, a plan to assassinate Nazi leaders by a group of Jewish U.S. soldiers coincides with a theatre owner's vengeful plans for the same.","Quentin Tarantino","https://www.imdb.com/name/nm0000233/?ref_=adv_li_dr_0","Director:Quentin Tarantino                 |     Stars:Brad Pitt, Diane Kruger, Eli Roth, Mélanie Laurent"
"Braveheart","https://www.imdb.com/title/tt0112573/?ref_=adv_li_tt","(1995)","178 min","Biography, Drama, History","8.3","Scottish warrior William Wallace leads his countrymen in a rebellion to free his homeland from the tyranny of King Edward I of England.","Mel Gibson","https://www.imdb.com/name/nm0000154/?ref_=adv_li_dr_0","Director:Mel Gibson                 |     Stars:Mel Gibson, Sophie Marceau, Patrick McGoohan, Angus Macfadyen"
"Full Metal Jacket","https://www.imdb.com/title/tt0093058/?ref_=adv_li_tt","(1987)","116 min","Drama, War","8.3","A pragmatic U.S. Marine observes the dehumanizing effects the Vietnam War has on his fellow recruits from their brutal boot camp training to the bloody street fighting in Hue.","Stanley Kubrick","https://www.imdb.com/name/nm0000040/?ref_=adv_li_dr_0","Director:Stanley Kubrick                 |     Stars:Matthew Modine, R. Lee Ermey, Vincent D'Onofrio, Adam Baldwin"
"Come and See","https://www.imdb.com/title/tt0091251/?ref_=adv_li_tt","(1985)","142 min","Drama, Thriller, War","8.3","After finding an old rifle, a young boy joins the Soviet resistance movement against ruthless German forces and experiences the horrors of World War II.","Elem Klimov","https://www.imdb.com/name/nm0459552/?ref_=adv_li_dr_0","Director:Elem Klimov                 |     Stars:Aleksey Kravchenko, Olga Mironova, Liubomiras Laucevicius, Vladas Bagdonas"
"Das Boot","https://www.imdb.com/title/tt0082096/?ref_=adv_li_tt","(1981)","149 min","Adventure, Drama, Thriller","8.3","The claustrophobic world of a WWII German U-boat; boredom, filth and sheer terror.","Wolfgang Petersen","https://www.imdb.com/name/nm0000583/?ref_=adv_li_dr_0","Director:Wolfgang Petersen                 |     Stars:Jürgen Prochnow, Herbert Grönemeyer, Klaus Wennemann, Hubertus Bengsch"
"Lawrence of Arabia","https://www.imdb.com/title/tt0056172/?ref_=adv_li_tt","(1962)","228 min","Adventure, Biography, Drama","8.3","The story of T.E. Lawrence, the English officer who successfully united and led the diverse, often warring, Arab tribes during World War I in order to fight the Turks.","David Lean","https://www.imdb.com/name/nm0000180/?ref_=adv_li_dr_0","Director:David Lean                 |     Stars:Peter O'Toole, Alec Guinness, Anthony Quinn, Jack Hawkins"
"Uri: The Surgical Strike","https://www.imdb.com/title/tt8291224/?ref_=adv_li_tt","(2018)","138 min","Action, Drama, War","8.2","Indian army special forces execute a covert operation, avenging the killing of fellow army men at their base by a terrorist group.","Aditya Dhar","https://www.imdb.com/name/nm2336554/?ref_=adv_li_dr_0","Director:Aditya Dhar                 |     Stars:Vicky Kaushal, Paresh Rawal, Mohit Raina, Yami Gautam"
"Tangerines","https://www.imdb.com/title/tt2991224/?ref_=adv_li_tt","(2013)","87 min","Drama, War","8.2","In 1992, war rages in Abkhazia, a breakaway region of Georgia. An Estonian man Ivo has decided to stay behind and harvest his crops of tangerines. In a bloody conflict at his door, a wounded man is left behind, and Ivo takes him in.","Zaza Urushadze","https://www.imdb.com/name/nm0882203/?ref_=adv_li_dr_0","Director:Zaza Urushadze                 |     Stars:Lembit Ulfsak, Elmo Nüganen, Giorgi Nakashidze, Misha Meskhi"
"Pan's Labyrinth","https://www.imdb.com/title/tt0457430/?ref_=adv_li_tt","(2006)","118 min","Drama, Fantasy, War","8.2","In the Falangist Spain of 1944, the bookish young stepdaughter of a sadistic army officer escapes into an eerie but captivating fantasy world.","Guillermo del Toro","https://www.imdb.com/name/nm0868219/?ref_=adv_li_dr_0","Director:Guillermo del Toro                 |     Stars:Ivana Baquero, Ariadna Gil, Sergi López, Maribel Verdú"
"Downfall","https://www.imdb.com/title/tt0363163/?ref_=adv_li_tt","(2004)","156 min","Biography, Drama, History","8.2","Traudl Junge, the final secretary for Adolf Hitler, tells of the Nazi dictator's final days in his Berlin bunker at the end of WWII.","Oliver Hirschbiegel","https://www.imdb.com/name/nm0386570/?ref_=adv_li_dr_0","Director:Oliver Hirschbiegel                 |     Stars:Bruno Ganz, Alexandra Maria Lara, Ulrich Matthes, Juliane Köhler"
"Ran","https://www.imdb.com/title/tt0089881/?ref_=adv_li_tt","(1985)","162 min","Action, Drama, War","8.2","In Medieval Japan, an elderly warlord retires, handing over his empire to his three sons. However, he vastly underestimates how the new-found power will corrupt them and cause them to turn on each other...and him.","Akira Kurosawa","https://www.imdb.com/name/nm0000041/?ref_=adv_li_dr_0","Director:Akira Kurosawa                 |     Stars:Tatsuya Nakadai, Akira Terao, Jinpachi Nezu, Daisuke Ryû"
"The Message","https://www.imdb.com/title/tt0074896/?ref_=adv_li_tt","(1976)","177 min","Biography, Drama, History","8.2","This epic historical drama chronicles the life and times of Prophet Muhammad and serves as an introduction to early Islamic history.","Moustapha Akkad","https://www.imdb.com/name/nm0002160/?ref_=adv_li_dr_0","Director:Moustapha Akkad                 |     Stars:Anthony Quinn, Irene Papas, Michael Ansara, Johnny Sekka"
"The Great Escape","https://www.imdb.com/title/tt0057115/?ref_=adv_li_tt","(1963)","172 min","Adventure, Drama, History","8.2","Allied prisoners of war plan for several hundred of their number to escape from a German camp during World War II.","John Sturges","https://www.imdb.com/name/nm0836328/?ref_=adv_li_dr_0","Director:John Sturges                 |     Stars:Steve McQueen, James Garner, Richard Attenborough, Charles Bronson"
"Judgment at Nuremberg","https://www.imdb.com/title/tt0055031/?ref_=adv_li_tt","(1961)","179 min","Drama, War","8.2","In 1948, an American court in occupied Germany tries four Nazis judged for war crimes.","Stanley Kramer","https://www.imdb.com/name/nm0006452/?ref_=adv_li_dr_0","Director:Stanley Kramer                 |     Stars:Spencer Tracy, Burt Lancaster, Richard Widmark, Marlene Dietrich"
"To Be or Not to Be","https://www.imdb.com/title/tt0035446/?ref_=adv_li_tt","(1942)","99 min","Comedy, War","8.2","During the Nazi occupation of Poland, an acting troupe becomes embroiled in a Polish soldier's efforts to track down a German spy.","Ernst Lubitsch","https://www.imdb.com/name/nm0523932/?ref_=adv_li_dr_0","Director:Ernst Lubitsch                 |     Stars:Carole Lombard, Jack Benny, Robert Stack, Felix Bressart"
"Hacksaw Ridge","https://www.imdb.com/title/tt2119532/?ref_=adv_li_tt","(2016)","139 min","Biography, Drama, History","8.1","World War II American Army Medic Desmond T. Doss, who served during the Battle of Okinawa, refuses to kill people, and becomes the first man in American history to receive the Medal of Honor without firing a shot.","Mel Gibson","https://www.imdb.com/name/nm0000154/?ref_=adv_li_dr_0","Director:Mel Gibson                 |     Stars:Andrew Garfield, Sam Worthington, Luke Bracey, Teresa Palmer"
"Hotel Rwanda","https://www.imdb.com/title/tt0395169/?ref_=adv_li_tt","(2004)","121 min","Biography, Drama, History","8.1","Paul Rusesabagina, a hotel manager, houses over a thousand Tutsi refugees during their struggle against the Hutu militia in Rwanda, Africa.","Terry George","https://www.imdb.com/name/nm0313623/?ref_=adv_li_dr_0","Director:Terry George                 |     Stars:Don Cheadle, Sophie Okonedo, Joaquin Phoenix, Xolani Mali"
"Tae Guk Gi: The Brotherhood of War","https://www.imdb.com/title/tt0386064/?ref_=adv_li_tt","(2004)","140 min","Action, Drama, War","8.1","When two brothers are forced to fight in the Korean War, the elder decides to take the riskiest missions if it will help shield the younger from battle.","Je-kyu Kang","https://www.imdb.com/name/nm0437625/?ref_=adv_li_dr_0","Director:Je-kyu Kang                 |     Stars:Jang Dong-Gun, Won Bin, Eun-ju Lee, Hyeong-jin Kong"
"Underground","https://www.imdb.com/title/tt0114787/?ref_=adv_li_tt","(1995)","167 min","Comedy, Drama, Fantasy","8.1","A group of Serbian socialists prepares for the war in a surreal underground filled by parties, tragedies, love and hate.","Emir Kusturica","https://www.imdb.com/name/nm0001437/?ref_=adv_li_dr_0","Director:Emir Kusturica                 |     Stars:Predrag 'Miki' Manojlovic, Lazar Ristovski, Mirjana Jokovic, Slavko Stimac"
"Platoon","https://www.imdb.com/title/tt0091763/?ref_=adv_li_tt","(1986)","120 min","Drama, War","8.1","Chris Taylor, a neophyte recruit in Vietnam, finds himself caught in a battle of wills between two sergeants, one good and the other evil. A shrewd examination of the brutality of war and the duality of man in conflict.","Oliver Stone","https://www.imdb.com/name/nm0000231/?ref_=adv_li_dr_0","Director:Oliver Stone                 |     Stars:Charlie Sheen, Tom Berenger, Willem Dafoe, Keith David"
"The Deer Hunter","https://www.imdb.com/title/tt0077416/?ref_=adv_li_tt","(1978)","183 min","Drama, War","8.1","An in-depth examination of the ways in which the U.S. Vietnam War impacts and disrupts the lives of people in a small industrial town in Pennsylvania.","Michael Cimino","https://www.imdb.com/name/nm0001047/?ref_=adv_li_dr_0","Director:Michael Cimino                 |     Stars:Robert De Niro, Christopher Walken, John Cazale, John Savage"
"Barry Lyndon","https://www.imdb.com/title/tt0072684/?ref_=adv_li_tt","(1975)","185 min","Adventure, Drama, History","8.1","An Irish rogue wins the heart of a rich widow and assumes her dead husband's aristocratic position in 18th-century England.","Stanley Kubrick","https://www.imdb.com/name/nm0000040/?ref_=adv_li_dr_0","Director:Stanley Kubrick                 |     Stars:Ryan O'Neal, Marisa Berenson, Patrick Magee, Hardy Krüger"
"The Battle of Algiers","https://www.imdb.com/title/tt0058946/?ref_=adv_li_tt","(1966)","121 min","Drama, War","8.1","In the 1950s, fear and violence escalate as the people of Algiers fight for independence from the French government.","Gillo Pontecorvo","https://www.imdb.com/name/nm0690597/?ref_=adv_li_dr_0","Director:Gillo Pontecorvo                 |     Stars:Brahim Hadjadj, Jean Martin, Yacef Saadi, Samia Kerbash"
"Ivan's Childhood","https://www.imdb.com/title/tt0056111/?ref_=adv_li_tt","(1962)","84 min","Drama, War","8.1","During WWII, Soviet orphan Ivan Bondarev strikes up a friendship with three sympathetic Soviet officers while working as a scout behind the German lines.","Andrei Tarkovsky","https://www.imdb.com/name/nm0001789/?ref_=adv_li_dr_0","Directors:Andrei Tarkovsky, Eduard Abalov                 |     Stars:Nikolay Burlyaev, Valentin Zubkov, Evgeniy Zharikov, Stepan Krylov"
"The Bridge on the River Kwai","https://www.imdb.com/title/tt0050212/?ref_=adv_li_tt","(1957)","161 min","Adventure, Drama, War","8.1","British POWs are forced to build a railway bridge across the river Kwai for their Japanese captors, not knowing that the allied forces are planning to destroy it.","David Lean","https://www.imdb.com/name/nm0000180/?ref_=adv_li_dr_0","Director:David Lean                 |     Stars:William Holden, Alec Guinness, Jack Hawkins, Sessue Hayakawa"
"Gone with the Wind","https://www.imdb.com/title/tt0031381/?ref_=adv_li_tt","(1939)","238 min","Drama, History, Romance","8.1","A manipulative woman and a roguish man conduct a turbulent romance during the American Civil War and Reconstruction periods.","Victor Fleming","https://www.imdb.com/name/nm0281808/?ref_=adv_li_dr_0","Directors:Victor Fleming, George Cukor, Sam Wood                 |     Stars:Clark Gable, Vivien Leigh, Thomas Mitchell, Barbara O'Neil"
"La Grande Illusion","https://www.imdb.com/title/tt0028950/?ref_=adv_li_tt","(1937)","107 min","Drama, War","8.1","During WWI, two French soldiers are captured and imprisoned in a German P.O.W. camp. Several escape attempts follow until they are eventually sent to a seemingly inescapable fortress.","Jean Renoir","https://www.imdb.com/name/nm0719756/?ref_=adv_li_dr_0","Director:Jean Renoir                 |     Stars:Jean Gabin, Dita Parlo, Pierre Fresnay, Erich von Stroheim"
"The General","https://www.imdb.com/title/tt0017925/?ref_=adv_li_tt","(1926)","67 min","Action, Adventure, Comedy","8.1","When Union spies steal an engineer's beloved locomotive, he pursues it single-handedly and straight through enemy lines.","Clyde Bruckman","https://www.imdb.com/name/nm0115669/?ref_=adv_li_dr_0","Directors:Clyde Bruckman, Buster Keaton                 |     Stars:Buster Keaton, Marion Mack, Glen Cavender, Jim Farley"
"The Imitation Game","https://www.imdb.com/title/tt2084970/?ref_=adv_li_tt","(2014)","114 min","Biography, Drama, Thriller","8.0","During World War II, the English mathematical genius Alan Turing tries to crack the German Enigma code with help from fellow mathematicians.","Morten Tyldum","https://www.imdb.com/name/nm0878763/?ref_=adv_li_dr_0","Director:Morten Tyldum                 |     Stars:Benedict Cumberbatch, Keira Knightley, Matthew Goode, Allen Leech"
"Nefes - Der Atemzug","https://www.imdb.com/title/tt1171701/?ref_=adv_li_tt","(2009)","Action, Drama, Thriller",,"8.0","Story of 40-man Turkish task force who must defend a relay station.","Levent Semerci","https://www.imdb.com/name/nm2896395/?ref_=adv_li_dr_0","Directors:Levent Semerci, Erdem Can                 |     Stars:Mete Horozoglu, Ilker Kizmaz, Baris Bagci, Özgür Eren Koç"
"Persepolis","https://www.imdb.com/title/tt0808417/?ref_=adv_li_tt","(2007)","96 min","Animation, Biography, Drama","8.0","A precocious and outspoken Iranian girl grows up during the Islamic Revolution.","Vincent Paronnaud","https://www.imdb.com/name/nm1749112/?ref_=adv_li_dr_0","Directors:Vincent Paronnaud, Marjane Satrapi                 |     Stars:Chiara Mastroianni, Catherine Deneuve, Gena Rowlands, Danielle Darrieux"
"Au Revoir les Enfants","https://www.imdb.com/title/tt0092593/?ref_=adv_li_tt","(1987)","104 min","Drama, War","8.0","A French boarding school run by priests seems to be a haven from World War II until a new student arrives. He becomes the roommate of the top student in his class. Rivals at first, the roommates form a bond and share a secret.","Louis Malle","https://www.imdb.com/name/nm0001501/?ref_=adv_li_dr_0","Director:Louis Malle                 |     Stars:Gaspard Manesse, Raphael Fejtö, Francine Racette, Stanislas Carré de Malberg"
"Kagemusha","https://www.imdb.com/title/tt0080979/?ref_=adv_li_tt","(1980)","162 min","Drama, History, War","8.0","A petty thief with an utter resemblance to a samurai warlord is hired as the lord's double. When the warlord later dies the thief is forced to take up arms in his place.","Akira Kurosawa","https://www.imdb.com/name/nm0000041/?ref_=adv_li_dr_0","Director:Akira Kurosawa                 |     Stars:Tatsuya Nakadai, Tsutomu Yamazaki, Ken'ichi Hagiwara, Jinpachi Nezu"
"Doctor Zhivago","https://www.imdb.com/title/tt0059113/?ref_=adv_li_tt","(1965)","197 min","Drama, Romance, War","8.0","The life of a Russian physician and poet who, although married to another, falls in love with a political activist's wife and experiences hardship during World War I and then the October Revolution.","David Lean","https://www.imdb.com/name/nm0000180/?ref_=adv_li_dr_0","Director:David Lean                 |     Stars:Omar Sharif, Julie Christie, Geraldine Chaplin, Rod Steiger"
"Stalag 17","https://www.imdb.com/title/tt0046359/?ref_=adv_li_tt","(1953)","116 min","Comedy, Drama, War","8.0","When two escaping American World War II prisoners are killed, the German P.O.W. camp barracks black marketeer, J.J. Sefton, is suspected of being an informer.","Billy Wilder","https://www.imdb.com/name/nm0000697/?ref_=adv_li_dr_0","Director:Billy Wilder                 |     Stars:William Holden, Don Taylor, Otto Preminger, Robert Strauss"
"The Best Years of Our Lives","https://www.imdb.com/title/tt0036868/?ref_=adv_li_tt","(1946)","170 min","Drama, Romance, War","8.0","Three World War II veterans return home to small-town America to discover that they and their families have been irreparably changed.","William Wyler","https://www.imdb.com/name/nm0943758/?ref_=adv_li_dr_0","Director:William Wyler                 |     Stars:Myrna Loy, Dana Andrews, Fredric March, Teresa Wright"
"All Quiet on the Western Front","https://www.imdb.com/title/tt0020629/?ref_=adv_li_tt","(1930)","136 min","Drama, War","8.0","A German youth eagerly enters World War I, but his enthusiasm wanes as he gets a firsthand view of the horror.","Lewis Milestone","https://www.imdb.com/name/nm0587277/?ref_=adv_li_dr_0","Director:Lewis Milestone                 |     Stars:Lew Ayres, Louis Wolheim, John Wray, Arnold Lucy"
"Battleship Potemkin","https://www.imdb.com/title/tt0015648/?ref_=adv_li_tt","(1925)","66 min","Drama, History, Thriller","8.0","In the midst of the Russian Revolution of 1905, the crew of the battleship Potemkin mutiny against the brutal, tyrannical regime of the vessel's officers. The resulting street demonstration in Odessa brings on a police massacre.","Sergei M. Eisenstein","https://www.imdb.com/name/nm0001178/?ref_=adv_li_dr_0","Director:Sergei M. Eisenstein                 |     Stars:Aleksandr Antonov, Vladimir Barskiy, Grigoriy Aleksandrov, Ivan Bobrov"
"Jojo Rabbit","https://www.imdb.com/title/tt2584384/?ref_=adv_li_tt","(2019)","108 min","Comedy, Drama, War","7.9","A young boy in Hitler's army finds out his mother is hiding a Jewish girl in their home.","Taika Waititi","https://www.imdb.com/name/nm0169806/?ref_=adv_li_dr_0","Director:Taika Waititi                 |     Stars:Roman Griffin Davis, Thomasin McKenzie, Scarlett Johansson, Taika Waititi"
"Letters from Iwo Jima","https://www.imdb.com/title/tt0498380/?ref_=adv_li_tt","(2006)","141 min","Action, Adventure, Drama","7.9","The story of the battle of Iwo Jima between the United States and Imperial Japan during World War II, as told from the perspective of the Japanese who fought it.","Clint Eastwood","https://www.imdb.com/name/nm0000142/?ref_=adv_li_dr_0","Director:Clint Eastwood                 |     Stars:Ken Watanabe, Kazunari Ninomiya, Tsuyoshi Ihara, Ryô Kase"
"No Man's Land","https://www.imdb.com/title/tt0283509/?ref_=adv_li_tt","(I) (2001)","98 min","Comedy, Drama, War","7.9","Bosnia and Herzegovina during 1993 at the time of the heaviest fighting between the two warring sides. Two soldiers from opposing sides in the conflict, Nino and Ciki, become trapped in no man's land, whilst a third soldier becomes a living booby trap.","Danis Tanovic","https://www.imdb.com/name/nm0849786/?ref_=adv_li_dr_0","Director:Danis Tanovic                 |     Stars:Branko Djuric, Rene Bitorajac, Filip Sovagovic, Georges Siatidis"
"Patton","https://www.imdb.com/title/tt0066206/?ref_=adv_li_tt","(1970)","172 min","Biography, Drama, War","7.9","The World War II phase of the career of controversial American general George S. Patton.","Franklin J. Schaffner","https://www.imdb.com/name/nm0769874/?ref_=adv_li_dr_0","Director:Franklin J. Schaffner                 |     Stars:George C. Scott, Karl Malden, Stephen Young, Michael Strong"
"Spartacus","https://www.imdb.com/title/tt0054331/?ref_=adv_li_tt","(1960)","197 min","Adventure, Biography, Drama","7.9","The slave Spartacus leads a violent revolt against the decadent Roman Republic.","Stanley Kubrick","https://www.imdb.com/name/nm0000040/?ref_=adv_li_dr_0","Director:Stanley Kubrick                 |     Stars:Kirk Douglas, Laurence Olivier, Jean Simmons, Charles Laughton"
"Dunkirk","https://www.imdb.com/title/tt5013056/?ref_=adv_li_tt","(2017)","106 min","Action, Drama, History","7.8","Allied soldiers from Belgium, the British Empire, and France are surrounded by the German Army and evacuated during a fierce battle in World War II.","Christopher Nolan","https://www.imdb.com/name/nm0634240/?ref_=adv_li_dr_0","Director:Christopher Nolan                 |     Stars:Fionn Whitehead, Barry Keoghan, Mark Rylance, Tom Hardy"
"Land of Mine","https://www.imdb.com/title/tt3841424/?ref_=adv_li_tt","(2015)","100 min","Drama, History, War","7.8","In post-World War II Denmark, a group of young German POWs are forced to clear a beach of thousands of land mines under the watch of a Danish Sergeant who slowly learns to appreciate their plight.","Martin Zandvliet","https://www.imdb.com/name/nm1324710/?ref_=adv_li_dr_0","Director:Martin Zandvliet                 |     Stars:Roland Møller, Louis Hofmann, Joel Basman, Mikkel Boe Følsgaard"
"The Wind Rises","https://www.imdb.com/title/tt2013293/?ref_=adv_li_tt","(2013)","126 min","Animation, Biography, Drama","7.8","A look at the life of Jiro Horikoshi, the man who designed Japanese fighter planes during World War II.","Hayao Miyazaki","https://www.imdb.com/name/nm0594503/?ref_=adv_li_dr_0","Director:Hayao Miyazaki                 |     Stars:Hideaki Anno, Hidetoshi Nishijima, Miori Takimoto, Masahiko Nishimura"
"The Boy in the Striped Pajamas","https://www.imdb.com/title/tt0914798/?ref_=adv_li_tt","(2008)","94 min","Drama, History, War","7.8","Through the innocent eyes of Bruno, the eight-year-old son of the commandant at a German concentration camp, a forbidden friendship with a Jewish boy on the other side of the camp fence has startling and unexpected consequences.","Mark Herman","https://www.imdb.com/name/nm0379179/?ref_=adv_li_dr_0","Director:Mark Herman                 |     Stars:Asa Butterfield, David Thewlis, Rupert Friend, Zac Mattoon O'Brien"
"Atonement","https://www.imdb.com/title/tt0783233/?ref_=adv_li_tt","(2007)","123 min","Drama, Mystery, Romance","7.8","Thirteen-year-old fledgling writer Briony Tallis irrevocably changes the course of several lives when she accuses her older sister's lover of a crime he did not commit.","Joe Wright","https://www.imdb.com/name/nm0942504/?ref_=adv_li_dr_0","Director:Joe Wright                 |     Stars:Keira Knightley, James McAvoy, Brenda Blethyn, Saoirse Ronan"
"Joint Security Area","https://www.imdb.com/title/tt0260991/?ref_=adv_li_tt","(2000)","110 min","Action, Drama, Thriller","7.8","After a shooting incident at the North/South Korean border/DMZ leaves 2 North Korean soldiers dead, a neutral Swiss/Swedish team investigates, what actually happened.","Chan-wook Park","https://www.imdb.com/name/nm0661791/?ref_=adv_li_dr_0","Director:Chan-wook Park                 |     Stars:Lee Yeong-ae, Lee Byung-Hun, Kang-ho Song, Kim Tae-Woo"
"Glory","https://www.imdb.com/title/tt0097441/?ref_=adv_li_tt","(1989)","122 min","Biography, Drama, History","7.8","Robert Gould Shaw leads the U.S. Civil War's first all-black volunteer company, fighting prejudices from both his own Union Army, and the Confederates.","Edward Zwick","https://www.imdb.com/name/nm0001880/?ref_=adv_li_dr_0","Director:Edward Zwick                 |     Stars:Matthew Broderick, Denzel Washington, Cary Elwes, Morgan Freeman"
"The Killing Fields","https://www.imdb.com/title/tt0087553/?ref_=adv_li_tt","(1984)","141 min","Biography, Drama, History","7.8","A journalist is trapped in Cambodia during tyrant Pol Pot's bloody 'Year Zero' cleansing campaign, which claimed the lives of two million 'undesirable' civilians.","Roland Joffé","https://www.imdb.com/name/nm0423646/?ref_=adv_li_dr_0","Director:Roland Joffé                 |     Stars:Sam Waterston, Haing S. Ngor, John Malkovich, Julian Sands"
"The Man Who Would Be King","https://www.imdb.com/title/tt0073341/?ref_=adv_li_tt","(1975)","129 min","Adventure, History, War","7.8","Two British former soldiers decide to set themselves up as Kings in Kafiristan, a land where no white man has set foot since Alexander the Great.","John Huston","https://www.imdb.com/name/nm0001379/?ref_=adv_li_dr_0","Director:John Huston                 |     Stars:Sean Connery, Michael Caine, Christopher Plummer, Saeed Jaffrey"
"The Longest Day","https://www.imdb.com/title/tt0056197/?ref_=adv_li_tt","(1962)","178 min","Action, Drama, History","7.8","The events of D-Day, told on a grand scale from both the Allied and German points of view.","Ken Annakin","https://www.imdb.com/name/nm0002175/?ref_=adv_li_dr_0","Directors:Ken Annakin, Andrew Marton, Gerd Oswald, Bernhard Wicki, Darryl F. Zanuck                 |     Stars:John Wayne, Robert Ryan, Richard Burton, Henry Fonda"
"To Have and Have Not","https://www.imdb.com/title/tt0037382/?ref_=adv_li_tt","(1944)","100 min","Adventure, Comedy, Film-Noir","7.8","During World War II, American expatriate Harry Morgan helps transport a French Resistance leader and his beautiful wife to Martinique while romancing a sensuous lounge singer.","Howard Hawks","https://www.imdb.com/name/nm0001328/?ref_=adv_li_dr_0","Director:Howard Hawks                 |     Stars:Humphrey Bogart, Lauren Bacall, Walter Brennan, Dolores Moran"
"Duck Soup","https://www.imdb.com/title/tt0023969/?ref_=adv_li_tt","(1933)","69 min","Comedy, Musical, War","7.8","Rufus T. Firefly is named president/dictator of bankrupt Freedonia and declares war on neighboring Sylvania over the love of wealthy Mrs. Teasdale.","Leo McCarey","https://www.imdb.com/name/nm0564970/?ref_=adv_li_dr_0","Director:Leo McCarey                 |     Stars:Groucho Marx, Harpo Marx, Chico Marx, Zeppo Marx"
"Beasts of No Nation","https://www.imdb.com/title/tt1365050/?ref_=adv_li_tt","(2015)","137 min","Drama, War","7.7","A drama based on the experiences of Agu, a child soldier fighting in the civil war of an unnamed African country.","Cary Joji Fukunaga","https://www.imdb.com/name/nm1560977/?ref_=adv_li_dr_0","Director:Cary Joji Fukunaga                 |     Stars:Abraham Attah, Emmanuel Affadzi, Ricky Adelayitor, Andrew Adote"
"Joyeux Noel","https://www.imdb.com/title/tt0424205/?ref_=adv_li_tt","(2005)","116 min","Drama, History, Music","7.7","In December 1914, an unofficial Christmas truce on the Western Front allows soldiers from opposing sides of the First World War to gain insight into each other's way of life.","Christian Carion","https://www.imdb.com/name/nm0137228/?ref_=adv_li_dr_0","Director:Christian Carion                 |     Stars:Diane Kruger, Benno Fürmann, Guillaume Canet, Natalie Dessay"
"Black Book","https://www.imdb.com/title/tt0389557/?ref_=adv_li_tt","(2006)","145 min","Drama, Thriller, War","7.7","In the Nazi-occupied Netherlands during World War II, a Jewish singer infiltrates the regional Gestapo headquarters for the Dutch resistance.","Paul Verhoeven","https://www.imdb.com/name/nm0000682/?ref_=adv_li_dr_0","Director:Paul Verhoeven                 |     Stars:Carice van Houten, Sebastian Koch, Thom Hoffman, Halina Reijn"
"Black Hawk Down","https://www.imdb.com/title/tt0265086/?ref_=adv_li_tt","(2001)","142 min","Drama, History, War","7.7","160 elite U.S. soldiers drop into Somalia to capture two top lieutenants of a renegade warlord and find themselves in a desperate battle with a large force of heavily-armed Somalis.","Ridley Scott","https://www.imdb.com/name/nm0000631/?ref_=adv_li_dr_0","Director:Ridley Scott                 |     Stars:Josh Hartnett, Ewan McGregor, Tom Sizemore, Eric Bana"
"The Last of the Mohicans","https://www.imdb.com/title/tt0104691/?ref_=adv_li_tt","(1992)","112 min","Action, Adventure, Drama","7.7","Three trappers protect the daughters of a British Colonel in the midst of the French and Indian War.","Michael Mann","https://www.imdb.com/name/nm0000520/?ref_=adv_li_dr_0","Director:Michael Mann                 |     Stars:Daniel Day-Lewis, Madeleine Stowe, Russell Means, Eric Schweig"
"Empire of the Sun","https://www.imdb.com/title/tt0092965/?ref_=adv_li_tt","(1987)","153 min","Action, Drama, History","7.7","A young English boy struggles to survive under Japanese occupation of China during World War II.","Steven Spielberg","https://www.imdb.com/name/nm0000229/?ref_=adv_li_dr_0","Director:Steven Spielberg                 |     Stars:Christian Bale, John Malkovich, Miranda Richardson, Nigel Havers"
"Love and Death","https://www.imdb.com/title/tt0073312/?ref_=adv_li_tt","(1975)","85 min","Comedy, War","7.7","In czarist Russia, a neurotic soldier and his distant cousin formulate a plot to assassinate Napoleon.","Woody Allen","https://www.imdb.com/name/nm0000095/?ref_=adv_li_dr_0","Director:Woody Allen                 |     Stars:Woody Allen, Diane Keaton, Georges Adet, Frank Adu"
"Where Eagles Dare","https://www.imdb.com/title/tt0065207/?ref_=adv_li_tt","(1968)","158 min","Action, Adventure, War","7.7","Allied agents stage a daring raid on a castle where the Nazis are holding American brigadier general George Carnaby prisoner, but that's not all that's really going on.","Brian G. Hutton","https://www.imdb.com/name/nm0404606/?ref_=adv_li_dr_0","Director:Brian G. Hutton                 |     Stars:Richard Burton, Clint Eastwood, Mary Ure, Patrick Wymark"
"The Dirty Dozen","https://www.imdb.com/title/tt0061578/?ref_=adv_li_tt","(1967)","150 min","Action, Adventure, War","7.7","During World War II, a rebellious U.S. Army Major is assigned a dozen convicted murderers to train and lead them into a mass assassination mission of German officers.","Robert Aldrich","https://www.imdb.com/name/nm0000736/?ref_=adv_li_dr_0","Director:Robert Aldrich                 |     Stars:Lee Marvin, Ernest Borgnine, Charles Bronson, John Cassavetes"
"Zulu","https://www.imdb.com/title/tt0058777/?ref_=adv_li_tt","(1964)","138 min","Drama, History, War","7.7","Outnumbered British soldiers do battle with Zulu warriors at Rorke's Drift.","Cy Endfield","https://www.imdb.com/name/nm0256831/?ref_=adv_li_dr_0","Director:Cy Endfield                 |     Stars:Stanley Baker, Jack Hawkins, Ulla Jacobsson, James Booth"
"The African Queen","https://www.imdb.com/title/tt0043265/?ref_=adv_li_tt","(1951)","105 min","Adventure, Drama, Romance","7.7","In WWI Africa, a gin-swilling riverboat captain is persuaded by a strait-laced missionary to use his boat to attack an enemy warship.","John Huston","https://www.imdb.com/name/nm0001379/?ref_=adv_li_dr_0","Director:John Huston                 |     Stars:Humphrey Bogart, Katharine Hepburn, Robert Morley, Peter Bull"
"Fury","https://www.imdb.com/title/tt2713180/?ref_=adv_li_tt","(2014)","134 min","Action, Drama, War","7.6","A grizzled tank commander makes tough decisions as he and his crew fight their way across Germany in April, 1945.","David Ayer","https://www.imdb.com/name/nm0043742/?ref_=adv_li_dr_0","Director:David Ayer                 |     Stars:Brad Pitt, Shia LaBeouf, Logan Lerman, Michael Peña"
"Les Misérables","https://www.imdb.com/title/tt1707386/?ref_=adv_li_tt","(2012)","158 min","Drama, History, Musical","7.6","In 19th-century France, Jean Valjean, who for decades has been hunted by the ruthless policeman Javert after breaking parole, agrees to care for a factory worker's daughter. The decision changes their lives forever.","Tom Hooper","https://www.imdb.com/name/nm0393799/?ref_=adv_li_dr_0","Director:Tom Hooper                 |     Stars:Hugh Jackman, Russell Crowe, Anne Hathaway, Amanda Seyfried"
"The Flowers of War","https://www.imdb.com/title/tt1410063/?ref_=adv_li_tt","(2011)","146 min","Drama, History, Romance","7.6","An American finds refuge during the 1937 Japanese invasion of Nanking in a church with a group of women. Posing as a priest, he attempts to lead the women to safety.","Yimou Zhang","https://www.imdb.com/name/nm0955443/?ref_=adv_li_dr_0","Director:Yimou Zhang                 |     Stars:Christian Bale, Ni Ni, Xinyi Zhang, Tianyuan Huang"
"The Book Thief","https://www.imdb.com/title/tt0816442/?ref_=adv_li_tt","(2013)","131 min","Drama, War","7.6","While subjected to the horrors of World War II Germany, young Liesel finds solace by stealing books and sharing them with others. In the basement of her home, a Jewish refugee is being protected by her adoptive parents.","Brian Percival","https://www.imdb.com/name/nm1093053/?ref_=adv_li_dr_0","Director:Brian Percival                 |     Stars:Sophie Nélisse, Geoffrey Rush, Emily Watson, Ben Schnetzer"
"The Counterfeiters","https://www.imdb.com/title/tt0813547/?ref_=adv_li_tt","(2007)","99 min","Crime, Drama, History","7.6","The story of the Operation Bernhard, the largest counterfeiting operation in history, carried out by Germany during WWII.","Stefan Ruzowitzky","https://www.imdb.com/name/nm0752328/?ref_=adv_li_dr_0","Director:Stefan Ruzowitzky                 |     Stars:Karl Markovics, August Diehl, Devid Striesow, Martin Brambach"
"Jodhaa Akbar","https://www.imdb.com/title/tt0449994/?ref_=adv_li_tt","(2008)","213 min","Action, Drama, History","7.6","A sixteenth century love story about a marriage of alliance that gave birth to true love between a great Mughal emperor, Akbar, and a Rajput princess, Jodha.","Ashutosh Gowariker","https://www.imdb.com/name/nm0332950/?ref_=adv_li_dr_0","Director:Ashutosh Gowariker                 |     Stars:Hrithik Roshan, Aishwarya Rai Bachchan, Sonu Sood, Poonam Sinha"
"Sophie Scholl: The Final Days","https://www.imdb.com/title/tt0426578/?ref_=adv_li_tt","(2005)","120 min","Biography, Crime, Drama","7.6","A dramatization of the final days of Sophie Scholl, one of the most famous members of the German World War II anti-Nazi resistance movement, The White Rose.","Marc Rothemund","https://www.imdb.com/name/nm0745131/?ref_=adv_li_dr_0","Director:Marc Rothemund                 |     Stars:Julia Jentsch, Fabian Hinrichs, Alexander Held, Johanna Gastdorf"
"A Very Long Engagement","https://www.imdb.com/title/tt0344510/?ref_=adv_li_tt","(2004)","133 min","Drama, Mystery, Romance","7.6","Tells the story of a young woman's relentless search for her fiancé, who has disappeared from the trenches of the Somme during World War One.","Jean-Pierre Jeunet","https://www.imdb.com/name/nm0000466/?ref_=adv_li_dr_0","Director:Jean-Pierre Jeunet                 |     Stars:Audrey Tautou, Gaspard Ulliel, Jodie Foster, Dominique Pinon"
"Enemy at the Gates","https://www.imdb.com/title/tt0215750/?ref_=adv_li_tt","(2001)","131 min","Drama, History, War","7.6","A Russian and a German sniper play a game of cat-and-mouse during the Battle of Stalingrad.","Jean-Jacques Annaud","https://www.imdb.com/name/nm0000269/?ref_=adv_li_dr_0","Director:Jean-Jacques Annaud                 |     Stars:Jude Law, Ed Harris, Joseph Fiennes, Rachel Weisz"
"The Thin Red Line","https://www.imdb.com/title/tt0120863/?ref_=adv_li_tt","(1998)","170 min","Drama, War","7.6","Adaptation of James Jones' autobiographical 1962 novel, focusing on the conflict at Guadalcanal during the second World War.","Terrence Malick","https://www.imdb.com/name/nm0000517/?ref_=adv_li_dr_0","Director:Terrence Malick                 |     Stars:Jim Caviezel, Sean Penn, Nick Nolte, Kirk Acevedo"
"Mulan","https://www.imdb.com/title/tt0120762/?ref_=adv_li_tt","(1998)","88 min","Animation, Adventure, Family","7.6","To save her father from death in the army, a young maiden secretly goes in his place and becomes one of China's greatest heroines in the process.","Tony Bancroft","https://www.imdb.com/name/nm0051643/?ref_=adv_li_dr_0","Directors:Tony Bancroft, Barry Cook                 |     Stars:Ming-Na Wen, Eddie Murphy, BD Wong, Miguel Ferrer"
"Legends of the Fall","https://www.imdb.com/title/tt0110322/?ref_=adv_li_tt","(1994)","133 min","Drama, Romance, War","7.6","In the early 1900s, three brothers and their father living in the remote wilderness of Montana are affected by betrayal, history, love, nature, and war.","Edward Zwick","https://www.imdb.com/name/nm0001880/?ref_=adv_li_dr_0","Director:Edward Zwick                 |     Stars:Brad Pitt, Anthony Hopkins, Aidan Quinn, Julia Ormond"
"Gettysburg","https://www.imdb.com/title/tt0107007/?ref_=adv_li_tt","(1993)","271 min","Drama, History, War","7.6","In 1863, the Northern and Southern forces fight at Gettysburg in the decisive battle of the American Civil War.","Ron Maxwell","https://www.imdb.com/name/nm0561813/?ref_=adv_li_dr_0","Director:Ron Maxwell                 |     Stars:Tom Berenger, Martin Sheen, Stephen Lang, Richard Jordan"
"Hair","https://www.imdb.com/title/tt0079261/?ref_=adv_li_tt","(1979)","121 min","Comedy, Drama, Musical","7.6","Claude Bukowski leaves the family ranch in Oklahoma for New York where he is rapidly embraced into the hippie group of youngsters led by Berger, yet he's already been drafted. He soon falls in love with Sheila Franklin, a rich girl but still a rebel inside.","Milos Forman","https://www.imdb.com/name/nm0001232/?ref_=adv_li_dr_0","Director:Milos Forman                 |     Stars:John Savage, Treat Williams, Beverly D'Angelo, Annie Golden"
"Duck You Sucker","https://www.imdb.com/title/tt0067140/?ref_=adv_li_tt","(1971)","138 min","Drama, War, Western","7.6","A low-life bandit and an I.R.A. explosives expert rebel against the government and become heroes of the Mexican Revolution.","Sergio Leone","https://www.imdb.com/name/nm0001466/?ref_=adv_li_dr_0","Director:Sergio Leone                 |     Stars:Rod Steiger, James Coburn, Romolo Valli, Maria Monti"
"Kelly's Heroes","https://www.imdb.com/title/tt0065938/?ref_=adv_li_tt","(1970)","144 min","Adventure, Comedy, War","7.6","A group of U.S. soldiers sneaks across enemy lines to get their hands on a secret stash of Nazi treasure.","Brian G. Hutton","https://www.imdb.com/name/nm0404606/?ref_=adv_li_dr_0","Director:Brian G. Hutton                 |     Stars:Clint Eastwood, Telly Savalas, Don Rickles, Carroll O'Connor"
"From Here to Eternity","https://www.imdb.com/title/tt0045793/?ref_=adv_li_tt","(1953)","118 min","Drama, Romance, War","7.6","In Hawaii in 1941, a private is cruelly punished for not boxing on his unit's team, while his captain's wife and second-in-command are falling in love.","Fred Zinnemann","https://www.imdb.com/name/nm0003593/?ref_=adv_li_dr_0","Director:Fred Zinnemann                 |     Stars:Burt Lancaster, Montgomery Clift, Deborah Kerr, Donna Reed"
"Lifeboat","https://www.imdb.com/title/tt0037017/?ref_=adv_li_tt","(1944)","97 min","Drama, War","7.6","Several survivors of a torpedoed merchant ship in World War II find themselves in the same lifeboat with one of the crew members of the U-boat that sank their ship.","Alfred Hitchcock","https://www.imdb.com/name/nm0000033/?ref_=adv_li_dr_0","Director:Alfred Hitchcock                 |     Stars:Tallulah Bankhead, John Hodiak, Walter Slezak, William Bendix"
"Son of Saul","https://www.imdb.com/title/tt3808342/?ref_=adv_li_tt","(2015)","107 min","Drama, War","7.5","A Jewish-Hungarian concentration camp prisoner sets out to give a child he mistook for his son a proper burial.","László Nemes","https://www.imdb.com/name/nm1841577/?ref_=adv_li_dr_0","Director:László Nemes                 |     Stars:Géza Röhrig, Levente Molnár, Urs Rechn, Todd Charmont"
"Lone Survivor","https://www.imdb.com/title/tt1091191/?ref_=adv_li_tt","(2013)","121 min","Action, Biography, Drama","7.5","Marcus Luttrell and his team set out on a mission to capture or kill notorious Taliban leader Ahmad Shah, in late June 2005. Marcus and his team are left to fight for their lives in one of the most valiant efforts of modern warfare.","Peter Berg","https://www.imdb.com/name/nm0000916/?ref_=adv_li_dr_0","Director:Peter Berg                 |     Stars:Mark Wahlberg, Taylor Kitsch, Emile Hirsch, Ben Foster"
"The Hurt Locker","https://www.imdb.com/title/tt0887912/?ref_=adv_li_tt","(2008)","131 min","Drama, Thriller, War","7.5","During the Iraq War, a Sergeant recently assigned to an army bomb squad is put at odds with his squad mates due to his maverick way of handling his work.","Kathryn Bigelow","https://www.imdb.com/name/nm0000941/?ref_=adv_li_dr_0","Director:Kathryn Bigelow                 |     Stars:Jeremy Renner, Anthony Mackie, Brian Geraghty, Guy Pearce"
